TitleClean,AuthorClean,AuthorMore,Remove,Pages,WorldCatLink,GoodreadsLink,HasImage,GoodreadsRating,GoodreadsReviews,Category,PubYear,BibNum
Blood Brothers,"Nelson, Colleen",,TRUE,,,,TRUE,,,,2017,3261813
Show Mode,"Rivera, Raquel",,TRUE,,,,TRUE,,,,2017,3236332
The Bodies of the Ancients,"Millet, Lydia",,TRUE,,,,TRUE,,,,2017,3229156
Texan’s Baby,"Han, Barb",,TRUE,,,,TRUE,,,,2016,3176850
Across the Floor,"Deen, Natasha",,TRUE,,,,TRUE,,,,2016,3171375
Dust Up with the Detective,"Winters, Danica",,TRUE,,,,TRUE,,,,2016,3227070
Shotgun,"Joyner, C. Courtney",,TRUE,,,,TRUE,,,,2016,3226003
Billy Buckhorn Supranormal,"Robinson, Gary",,TRUE,,,,TRUE,,,,2015,3140297
Celestial Invasion,"McFarlane, Glendon",,TRUE,,,,TRUE,,,,2014,3068523
The Shadow of Things to Come,"Efoui, Kossi","(translator) Turner, Chris",TRUE,,,,TRUE,,,,2013,3204072
The Shipwreck,"Riel, Jørn","(illustrator) Cann, Helen ",TRUE,,,,TRUE,,,,2011,3282232
Give Me Fever,"Bryant, Niobia",,TRUE,,,,TRUE,,,,2010,3275555
Stella in Heaven,"Buchwald, Art",,,165,https://www.worldcat.org/title/stella-in-heaven/oclc/45066085,https://www.goodreads.com/book/show/151601.Stella_in_Heaven,TRUE,3.1,117,"spouses, death",2000,3284047
Visitors from Oz,"Gardner, Martin",,,189,https://www.worldcat.org/title/visitors-from-oz-the-wild-adventures-of-dorothy-the-scarecrow-and-the-tin-woodman/oclc/52053657,https://www.goodreads.com/book/show/902453.Visitors_from_Oz,TRUE,3.34,47,"magic, gangs",1998,3282198
The World Full of Women,"Metzger, Wendell",,TRUE,,,,TRUE,,,,1996,1720851
A Burden of Earth and Other Stories,"Boswroth, Beth",,,165,https://www.worldcat.org/title/burden-of-earth-and-other-stories/oclc/32132198,https://www.goodreads.com/book/show/592339.A_Burden_of_Earth_and_Other_Stories,TRUE,5,1,short stories,1995,1612847
The Journey That Time,"Metzger, Wendell",,TRUE,,,,TRUE,,,,1995,1714302
Stripping,"Pagan, Kennedy",,,160,https://www.worldcat.org/title/stripping/oclc/810455789,https://www.goodreads.com/book/show/379841.Stripping_and_Other_Stories ,TRUE,3.57,136,women,1994,1330936
A Disturbance in One Place,"Kirshenbaum, Binnie",,,,https://www.worldcat.org/title/disturbance-in-one-place/oclc/877889686,https://www.goodreads.com/book/show/1062909.A_Disturbance_in_One_Place,TRUE,3.36,101,"women, adultery, promiscuity",1994,1338713
He & She,"Metzger, Wendell",,TRUE,,,,TRUE,,,,1994,1392577
The Quest for Shar-I-Sabs,"Bier, Phillip",,,270,https://www.worldcat.org/title/quest-for-shar-i-sabs/oclc/29594083,https://www.goodreads.com/book/show/301986.The_Quest_for_Shar_I_Sabs,TRUE,0,0,"mennonites, russia",1993,1318532
Doctor Criminale,"Bradbury, Malcolm",,,,https://www.worldcat.org/title/doctor-criminale/oclc/968119751,https://www.goodreads.com/book/show/1043093.Doctor_Criminale,TRUE,3.58,167,"doctors & medicine humor, satire, british & irish humor ",1992,1274010
The Lost Years,"Brancati, Vitaliano","(translator) Creagh, Patrick",,207,https://www.worldcat.org/title/lost-years/oclc/31901215,https://www.goodreads.com/book/show/2419401.The_Lost_Years,TRUE,3.52,27,"biography & autobiography, women",1992,1720593
Sea of Lentils,"Benítez-Rojo, Antonio","(illustrator) Lea, Sydney | (translator) Maraniss, James ",,201,https://www.worldcat.org/title/sea-of-lentils/oclc/1103750422,https://www.goodreads.com/book/show/3167180-sea-of-lentils ,TRUE,3.54,26,government,1990,573307
Superspill,"Becker, Mary Kay | Coburn, Patricia",,,161,https://www.worldcat.org/title/superspill-an-account-of-the-1978-grounding-at-bird-rocks/oclc/21487193,,TRUE,,,oil spills,1989,1301800
Shaihu Umar,"Balewa, Abubakar Tafawa","(translator) Hiskett, Mervin ",,79,https://www.worldcat.org/title/shaihu-umar-a-novel/oclc/652536493,https://www.goodreads.com/book/show/777225.Shaihu_Umar,TRUE,3.38,34,,1989,537153
Baron Bagge | Count Luna,"Lernet-Holenia, Alexandra",,,252,https://www.worldcat.org/title/count-luna-baron-bagge/oclc/220586776,https://www.goodreads.com/book/show/1175031.Baron_Bagge_Count_Luna ,TRUE,4.15,26,,1988,521198
Megda,"Kelley, Emma Dunham",,,394,https://www.worldcat.org/title/megda/oclc/876229472,https://www.goodreads.com/book/show/1252809.Megda,TRUE,3,3,black women writers,1988,491018
The Magic We Do Here,"Rudner, Lawrence",,,212,https://www.worldcat.org/title/magic-we-do-here/oclc/582054605,https://www.goodreads.com/book/show/4810859-the-magic-we-do-here ,TRUE,4,3,miracles,1988,488196
The Land,"Torres, Antônio",,,136,https://www.worldcat.org/title/land/oclc/14588735,https://www.goodreads.com/book/show/13074119-the-land ,TRUE,3.29,51,"portuguese, brazilian",1987,424541
False Colors,"Borgenicht, Miriam",,,183,https://www.worldcat.org/title/false-colors/oclc/1034665615,https://www.goodreads.com/book/show/4188430-false-colors,TRUE,3,1,mystery,1985,473024
Return to Región,"Benet, Juan","(translator) Rabassa, Gregory ",TRUE,315,https://www.worldcat.org/title/volveras-a-region/oclc/895875225,https://www.goodreads.com/book/show/69429.Volver_s_a_Regi_n,TRUE,3.59,131,"european literary history & criticism, european literature, spanish & portuese literature",1985,386875
Dead Ground,"Kerrigan, Philip",,,163,https://www.worldcat.org/title/lead-pencil-stories-and-sketches/oclc/644495072,https://www.goodreads.com/book/show/443866.Dead_Ground,TRUE,3.6,5,,1985,399123
Lead Pencil,"Botwinik, Berl",,,163,https://www.worldcat.org/title/lead-pencil-stories-and-sketches/oclc/644495072,https://www.goodreads.com/book/show/3836342-lead-pencil,TRUE,2,1,"jews, social life, translation",1984,360632
The Priestess of Henge,"Burnett, David",,,434,https://www.worldcat.org/title/priestess-of-henge-a-novel/oclc/1036802908,https://www.goodreads.com/book/show/3241109-the-priestess-of-henge,TRUE,3.7,10,children's stories,1982,357489
The Best of Thomas N. Scortia,"Scortia, Thomas N. ","(editor) Zebrowski, George",,244,https://www.worldcat.org/title/best-of-thomas-n-scortia/oclc/463302764,https://www.goodreads.com/book/show/1965587.The_Best_of_Thomas_N_Scortia,TRUE,0,0,science fiction,1981,202364
Waiting for Sheila,"Braine, John",,,186,https://www.worldcat.org/title/waiting-for-sheila/oclc/1075945304,https://www.goodreads.com/book/show/4437679-waiting-for-sheila,TRUE,2.84,19,"mystery & detective, romance",1980,159413
The 47th Snail,"Hinterberger, John","(illustrator) Rupp, Jacques",,217,https://www.worldcat.org/title/47th-snail/oclc/4884023,https://www.goodreads.com/book/show/11688576-the-47th-snail,TRUE,0,0,"seattle, humor",1978,125751
Promised Land,"Belfrage, Cedric",,,349,https://www.worldcat.org/title/promised-land-notes-for-a-history/oclc/471060286,https://www.goodreads.com/book/show/4772304-promised-land,TRUE,3,1,,1977,493509
George and Anna,"Rees, Barbara",,,156,https://www.worldcat.org/title/george-and-anna/oclc/740650868,,TRUE,,,,1976,23329
The Monarch,"Vasilikos, Vasilēs",,TRUE,216,https://www.worldcat.org/title/monarch/oclc/706859736,https://www.goodreads.com/book/show/4792353-the-monarch,TRUE,3.5,4,,1976,805687
"Hear, ye sons","Fineman, Irving",,,306,https://www.worldcat.org/title/hear-ye-sons-a-novel/oclc/729959502,https://www.goodreads.com/book/show/3908323-hear-ye-sons,TRUE,0,0,jews,1975,40234
Coward’s Paradise,"Elliston, Valerie",,,314,https://www.worldcat.org/title/cowards-paradise/oclc/562090410,https://www.goodreads.com/book/show/4643299-coward-s-paradise,TRUE,3,1,,1975,38197
Solomon’s Folly,"Croxford, Leslie",,,206,https://www.worldcat.org/title/solomons-folly/oclc/9761573,https://www.goodreads.com/book/show/3737602-solomon-s-folly,TRUE,0,0,,1974,125417
Holiday for ding-a-lings,"Ellis, Art",,TRUE,,,,TRUE,,,,1974,732586
"American Voices, American Women","Edwards, Lee R. | Diamond, Arlyn",,,,,https://www.goodreads.com/book/show/3417989-american-voices-american-women,TRUE,4,2,"american literature, women authors",1973,51678
No,"Major, Clarence",,,207,https://www.worldcat.org/title/no/oclc/894326361,https://www.goodreads.com/book/show/25957675-no,TRUE,4,1,african american,1973,60905
Call the Beast Thy Brother,"Turner, William",,,206,https://www.worldcat.org/title/call-the-beast-thy-brother/oclc/752028,https://www.goodreads.com/book/show/4384026-call-the-beast-thy-brother,TRUE,3,1,hiada indians,1973,51022
The knife edge,"Ellis, William",,,223,https://www.worldcat.org/title/knife-edge/oclc/748690,https://www.goodreads.com/book/show/3720894-the-knife-edge,TRUE,0,0,"detective, mystery",1973,51634
My Stillness,"Griffith, Paul",,,180,https://www.worldcat.org/title/my-stillness-a-novel/oclc/621997,https://www.goodreads.com/book/show/672759.My_Stillness,TRUE,4.33,3,,1972,59218
Don Juan’s Bar,"Callado, Antônio",,TRUE,271,https://www.worldcat.org/title/don-juans-bar-a-novel/oclc/292366,https://www.goodreads.com/book/show/1257701.Don_Juan_s_Bar,TRUE,3.56,16,"dictatorship, history, brazil",1972,8678
The Time of Adam,"Cullinan, Elizabeth",,,178,https://www.worldcat.org/title/time-of-adam-stories/oclc/695832915,,TRUE,,,,1971,62657
Kotik Letaev,"Bely, Andrei","(translator) Janecek, Gerald",,268,https://www.worldcat.org/title/kotik-letaev/oclc/40783942,https://www.goodreads.com/book/show/184914.Kotik_Letaev,TRUE,3.91,58,"children, russia",1971,40815
Invisible Swords,"Farrell, James",,,430,https://www.worldcat.org/title/invisible-swords/oclc/904561413,,TRUE,,,,1971,21791
The Mad Dog Press Archives,"Grendahl, J. Spencer",,,224,https://www.worldcat.org/title/mad-dog-press-archives-a-novel/oclc/16198028,https://www.goodreads.com/book/show/2011160.The_Mad_Dog_Press_Archives_A_Novel,TRUE,4,1,,1970,706026
Daughters of the Sun,"Egbuna, Obi",,,106,https://www.worldcat.org/title/daughters-of-the-sun-and-other-stories/oclc/107625,https://www.goodreads.com/book/show/2391959.Daughters_Of_The_Sun_And_Other_Stories,TRUE,4,1,"nigeria, social life, customs",1970,22688
When Greek Meets Greek,"Demetrios, George",,,245,https://www.worldcat.org/title/when-greek-meets-greek/oclc/76429,https://www.goodreads.com/book/show/3556724-when-greek-meets-greek,TRUE,0,0,,1970,768598
When the Fire Reaches Us,"Tinker, Barbara Wilson",,,,,https://www.goodreads.com/book/show/2717804-when-the-fire-reaches-us,TRUE,2.5,4,,1970,11055
Contact,"Finn, F. E. S.",,,174,https://www.worldcat.org/title/contact-short-stories-of-the-1960s-in-2-vols/oclc/877523805,,TRUE,,,,1969,9628
The Fanatics,"Dunbar, Paul Laurence",,,312,https://www.worldcat.org/title/fanatics/oclc/1072177385,https://www.goodreads.com/book/show/2046750.The_Fanatics_,TRUE,3.33,3,"american fiction, african american authors",1969,1359787
Aunt Sara’s Wooden God,"Gilbert, Mercedes",,,271,https://www.worldcat.org/title/aunt-saras-wooden-god/oclc/987283535,https://www.goodreads.com/book/show/35069983-aunt-sara-s-wooden-god,TRUE,0,0,"african american fiction, country life, mothers and sons",1969,3004213
In the House of the Lord,"Flynn, Robert",,,287,https://www.worldcat.org/title/in-the-house-of-the-lord/oclc/22629551,https://www.goodreads.com/book/show/2665979-in-the-house-of-the-lord,TRUE,4.09,11,texas,1969,87847
Fractions,"Field, Andrew",,,144,https://www.worldcat.org/title/fractions/oclc/696493,https://www.goodreads.com/book/show/4333083-fractions,TRUE,3,3,,1969,24827
The Problem,"Gilmore, F. Grant",,,,https://www.worldcat.org/title/problem-a-military-novel/oclc/944194926,https://www.goodreads.com/book/show/25148361-the-problem-a-military-novel,TRUE,0,0,,1969,3004212
Julia Harrington,"Bissell, Richard",,,,https://www.worldcat.org/title/julia-harrington/oclc/69653004#borrow,https://www.goodreads.com/book/show/22892565-julia-harrington,TRUE,3,10,,1969,5550
The Power Sellers,"Hall, Patrick",,,252,https://www.worldcat.org/title/power-sellers/oclc/435541,,TRUE,,,,1969,80549
Second Breath,"Beneš, Jan","(translator) Montgomery, Michael",,161,https://www.worldcat.org/title/second-breath/oclc/586732683,,TRUE,,,,1969,59774
The Love of Landry,"Dunbar, Paul Lawrence",,,,https://www.worldcat.org/title/love-of-landry/oclc/944429112,https://www.goodreads.com/book/show/38692299-the-love-of-landry,TRUE,4.33,6,,1969,60175
The Shape of Fear,"Peattie, Elia Wilkinson",,,,https://www.worldcat.org/title/shape-of-fear/oclc/1078567287,https://www.goodreads.com/book/show/12959174-the-shape-of-fear,TRUE,3.14,22,,1969,62118
Peak and Prairie,"Fuller, Anna",,,,https://www.worldcat.org/title/peak-and-prairie-from-a-colorado-sketch-book/oclc/920921767,https://www.goodreads.com/book/show/20558044-peak-and-prairie-from-a-colorado-sketch-book,TRUE,2,1,,1969,25190
A Little Book of Profitable Tales,"Field, Eugene",,,,https://www.worldcat.org/title/little-book-of-profitable-tales/oclc/980223704,https://www.goodreads.com/book/show/9932367-a-little-book-of-profitable-tales,TRUE,3.18,11,short stories,1969,594201
The Thunder and the Shouting,"Nicole, Christopher",,,281,https://www.worldcat.org/title/thunder-and-the-shouting/oclc/16561968,https://www.goodreads.com/book/show/12216131-the-thunder-and-the-shouting,TRUE,3.8,5,,1969,10488
The Living is Easy,"West, Dorothy",,,376,https://www.worldcat.org/title/living-is-easy/oclc/858229215,https://www.goodreads.com/book/show/158371.The_Living_is_Easy,TRUE,3.91,389,african american fiction,1969,3184362
In the Days of the Councillor,"Andersen, Tryggve","(translator) Stroup, Beatrice H. | (translator) Mathison, Stein",,262,https://www.worldcat.org/title/in-the-days-of-the-councillor/oclc/467442742,https://www.goodreads.com/book/show/18283731-in-the-days-of-the-councillor,TRUE,3.57,7,,1969,420352
The Heart of Happy Hollow,"Dunbar, Paul Lawrence","(illustrator) Kemble, E. W.",,,https://www.worldcat.org/title/heart-of-happy-hollow-a-collection-of-stories/oclc/920913343,https://www.goodreads.com/book/show/29349353-the-heart-of-happy-hollow,TRUE,3.96,26,,1969,13390
Counter Paradise,"Fleming, Nichol",,,191,https://www.worldcat.org/title/counter-paradise/oclc/10530219,https://www.goodreads.com/book/show/11186094-counter-paradise,TRUE,3,5,,1968,700738
38 Short Stories,"Timko, Michael | Oliver, Clinton",,,716,https://www.worldcat.org/title/38-short-stories-an-introductory-anthology/oclc/21592927,https://www.goodreads.com/book/show/791750.38_Short_Stories,TRUE,4.33,3,short stories,1968,81384
The Conflagration,"Fedin, Konstantin","(translator) Sharise, Olga | (editor) Bean, Bryan",,,https://www.worldcat.org/title/conflagration/oclc/113750,https://www.goodreads.com/book/show/16114896-the-conflagration,TRUE,3.67,3,Soviet Union,1968,22370
"The Drowning, the Dancing","Nilssen, Jerome",,,165,https://www.worldcat.org/title/drowning-the-dancing/oclc/424855,,TRUE,,,,1968,84535
The Second Inheritance,"Bragg, Melvyn",,,266,https://www.worldcat.org/title/second-inheritance/oclc/439830370,https://www.goodreads.com/book/show/20639920-the-second-inheritance,TRUE,3,7,,1967,178488
Promise Morning,"Mercer, Charles",,,192,https://www.worldcat.org/title/promise-morning/oclc/1007777943,,TRUE,,,,1966,144067
The Bright Feathers,"Culp, John",,,320,https://www.worldcat.org/title/bright-feathers/oclc/16891445,https://www.goodreads.com/book/show/42445756-the-bright-feathers,TRUE,3,1,western,1965,128114
The Travelers,"Fetler, Andrew",,,273,https://www.worldcat.org/title/travelers-a-novel/oclc/1166100,,TRUE,,,,1965,127392
Mr Capon,"Hall, Jenni",,,125,https://www.worldcat.org/title/mr-capon/oclc/30290719,,TRUE,,,,1965,287770
Famous Tales of the Fantastic,"Van Thal, Herbert",,,140,https://www.worldcat.org/title/famous-tales-of-the-fantastic/oclc/221417362,https://www.goodreads.com/book/show/12955828-famous-tales-of-the-fantastic,TRUE,3.67,3,fantasy,1965,178796
Falling Through the Night,"Fedoroff, Alexander",,,237,https://www.worldcat.org/title/falling-through-the-night/oclc/559869428,,TRUE,,,,1964,243947
What Time Collects,"Farrell, James",,,421,https://www.worldcat.org/title/what-time-collects/oclc/883562612,,TRUE,,,,1964,720308
Three Cheers for Nothing ,"Kinsley, Peter",,,158,https://www.worldcat.org/title/three-cheers-for-nothing/oclc/561597881,,TRUE,,,,1964,187554
The Six Wounds,"Cuddon, J. A.",,,264,https://www.worldcat.org/title/six-wounds/oclc/1590963,,TRUE,,,"Brazil, stigmatization",1964,211021
The Second Stone,"Fiedler, Leslie",,,,https://www.worldcat.org/title/second-stone-a-love-story/oclc/752838662,,TRUE,,,,1963,582248
Young Crankshaw,"Hemley, Cecil",,,319,https://www.worldcat.org/title/young-crankshaw/oclc/559423568,,TRUE,,,,1963,174441
Northern Affair,"Findley, D. K.",,,224,https://www.worldcat.org/title/northern-affair/oclc/13385881,https://www.goodreads.com/book/show/13560857-northern-affair,TRUE,3,1,"adventure, Canada, arctic, Inuit",1963,70119
Harvest on the Don,"Sholokhov, Mikhail","(translator) Stevens, H. C.",,399,https://www.worldcat.org/title/harvest-on-the-don/oclc/12501023,https://www.goodreads.com/book/show/626402.Harvest_on_the_Don,TRUE,3.98,343,Russia,1961,426914
So Was Alaska,"Snider, Gerritt","(illustrator) Hafling, Jane",,95,https://www.worldcat.org/title/so-was-alaska/oclc/8991906,,TRUE,,,"Alaska, frontier and pioneer life",1961,69403
The Benefactor,"Flores, María",,,280,https://www.worldcat.org/title/benefactor/oclc/563673667,,TRUE,,,,1960,171005
The Good Light,"Bjarnhof, Karl","(translator) Walford, Naomi",,272,https://www.worldcat.org/title/good-light/oclc/252674812,https://www.goodreads.com/book/show/21527363-the-good-light,TRUE,4,4,,1960,128298
Mrs. Sherman’s Summer,"Fischer, Marjorie",,,254,https://www.worldcat.org/title/mrs-shermans-summer/oclc/154633370,https://www.goodreads.com/book/show/10843829-mrs-sherman-s-summer,TRUE,0,0,,1960,170962
The Winter Rider,"Fleming, Berry",,,,https://www.worldcat.org/title/winter-rider/oclc/928884925,https://www.goodreads.com/book/show/25212367-the-winter-rider,TRUE,3,1,"suspense, relationships",1960,171120
One Star General,"Morgan, Al",,,,https://www.worldcat.org/title/one-star-general/oclc/1026247133,https://www.goodreads.com/book/show/17664003-one-star-general,TRUE,4.33,3,,1959,306502
"Tell Me, Stranger","Flood, Charles Bracelen",,,188,https://www.worldcat.org/title/tell-me-stranger/oclc/225028970,https://www.goodreads.com/book/show/6387096-tell-me-stranger,TRUE,5,3,romance,1959,302681
The Reunion,"Molloy, Robert",,,331,https://www.worldcat.org/title/reunion/oclc/926799878,https://www.goodreads.com/book/show/40548219-the-reunion,TRUE,0,0,South Carolina,1959,720274
The Constant Star,"Foote, Dorothy Norris",,,,https://www.worldcat.org/title/constant-star/oclc/752872117,,TRUE,,,,1959,185739
No Love for Johnnie,"Feinburgh, Wilfred",,,232,https://www.worldcat.org/title/no-love-for-johnnie/oclc/30257140,https://www.goodreads.com/book/show/43840539-no-love-for-johnnie,TRUE,2.5,2,,1959,185686
But Will They Get It in Des Moines?,"Flink, Stanley",,,310,https://www.worldcat.org/title/but-will-they-get-it-in-des-moines-a-novel/oclc/3065811,https://www.goodreads.com/book/show/18857248-but-will-they-get-it-in-des-moines,TRUE,3,1,,1959,213026
The Brooks Legend,"Ellis, William Donohue",,,352,https://www.worldcat.org/title/brooks-legend/oclc/12409648,https://www.goodreads.com/book/show/15815984-the-brooks-legend,TRUE,0,0,historical,1958,126470
The Madstone,"Faralla, Dana",,,,https://www.worldcat.org/title/madstone/oclc/810765383,,TRUE,,,,1958,427345
The Running Iron,"Fish, Rachel Ann",,TRUE,,,,TRUE,,,,1957,167846
A Man to Ride With,"Farris, Jack",,,222,https://www.worldcat.org/title/man-to-ride-with/oclc/1036641512,,TRUE,,,,1957,168631
Silver Spoon,"Gilbert, Edwin",,,,https://www.worldcat.org/title/silver-spoon/oclc/175072348,https://www.goodreads.com/book/show/9218802-silver-spoon,TRUE,3,1,,1957,136792
The Hon. Rocky Slade,"Haines, William Wister",,,204,https://www.worldcat.org/title/hon-rocky-slade/oclc/5176092,,TRUE,,,,1957,139587
War Country,"Turner, William O.",,,172,https://www.worldcat.org/title/war-country/oclc/9477683,https://www.goodreads.com/book/show/10574012-war-country,TRUE,3,1,,1957,715759
Alie Dear,"Barry, Arthur",,,175,https://www.worldcat.org/title/alie-dear/oclc/13106693,,TRUE,,,,1956,227224
The Hardhats,"Newell, H. M.",,,338,https://www.worldcat.org/title/hardhats/oclc/2961634,https://www.goodreads.com/book/show/3397850-the-hardhats,TRUE,2.67,3,"dams, northwest, labor camps, widowers, engineers, Pacific Northwest",1956,144282
The Frozen Jungle,"Lawrence, Earl",,,182,https://www.worldcat.org/title/frozen-jungle/oclc/1007827586,,TRUE,,,,1956,708859
The Seed is Sown,"Boetzkes, Ottilie",,,152,https://www.worldcat.org/title/seed-is-sown-a-historical-novel-of-life-in-revolutionary-south-america-a-century-ago/oclc/10342917,,TRUE,,,,1956,230659
Murder is Insane,"Barns, Glenn",,,184,https://www.worldcat.org/title/murder-is-insane/oclc/30220846,,TRUE,,,,1956,130676
The Plums Hang High,"Finney, Gertrude E.",,,245,https://www.worldcat.org/title/plums-hang-high/oclc/980824430,https://www.goodreads.com/book/show/3921549-the-plums-hang-high,TRUE,4.3,27,,1955,126789
A German Officer,"Groussard, Serge","(translator) White, Antonia",,218,https://www.worldcat.org/title/german-officer/oclc/1901511,,TRUE,,,,1955,266886
The Golden Witch,"Ross, Zola",,,,https://www.worldcat.org/title/golden-witch/oclc/503715686,,TRUE,,,,1955,145325
A Circle of Trees,"Faralla, Dana",,,221,https://www.worldcat.org/title/circle-of-trees-a-novel/oclc/314501143,,TRUE,,,,1955,126522
Not the Glory,"Boulle, Pierre","(translator) Fielding, Xan",,235,https://www.worldcat.org/title/not-the-glory/oclc/271390519,https://www.goodreads.com/book/show/22589098-not-the-glory,TRUE,3.4,15,,1955,128457
The Seagull on the Step,"Boyle, Kay",,,247,https://www.worldcat.org/title/seagull-on-the-step/oclc/10732197,https://www.goodreads.com/book/show/25233470-the-seagull-on-the-step,TRUE,3,2,France,1955,420954
Korean Boy,"Pak, Chong-Yŏng | Carroll, Jock",,,184,https://www.worldcat.org/title/korean-boy/oclc/835854617,,TRUE,,,,1955,184193
The Twelfth Physician,"Gibbs, Willa",,,319,https://www.worldcat.org/title/twelfth-physician/oclc/4768104,https://www.goodreads.com/book/show/12409939-the-twelfth-physician,TRUE,4.5,2,"France, historical",1954,109409
Yakima,"Johnson, Inez Noelle",,,322,https://www.worldcat.org/title/yakima-a-novel/oclc/10033953,,TRUE,,,"Yakima, Washington",1954,184072
The Quiet Woman,"Fisher, Agnes Adams",,,,https://www.worldcat.org/title/quiet-woman/oclc/936607406,,TRUE,,,,1954,183817
The Golden Fool,"Divine, David",,,,https://www.worldcat.org/title/golden-fool/oclc/752608628,https://www.goodreads.com/book/show/36305115-the-golden-fool,TRUE,4,1,,1954,132052
Jonathan Blair,"Ellis, William Donohue",,,462,https://www.worldcat.org/title/jonathan-blair-bounty-lands-lawyer/oclc/41211521,https://www.goodreads.com/book/show/17159257-jonathan-blair,TRUE,0,0,frontier and pioneer life,1954,126471
The Cave and the Rock,"Faure, Raoul C.",,,276,https://www.worldcat.org/title/cave-and-the-rock/oclc/1683669,https://www.goodreads.com/book/show/32617269-the-cave-and-the-rock,TRUE,0,0,,1953,615554
Love is a Bridge,"Flood, Charles Bracelen",,,349,https://www.worldcat.org/title/love-is-a-bridge/oclc/786870,https://www.goodreads.com/book/show/11898544-love-is-a-bridge,TRUE,4.5,4,"romance, divorce",1953,430993
The Trouble at Hungerfords,"Harris, Cyril",,,274,https://www.worldcat.org/title/trouble-at-hungerfords/oclc/1084040887,,TRUE,,,,1953,183386
The Secret Masters,"Kersh, Gerald",,,196,https://www.worldcat.org/title/secret-masters/oclc/462914648,https://www.goodreads.com/book/show/9990623-the-secret-masters,TRUE,3.7,23,adventure,1953,280920
To Follow a Flag,"Henry, Will",,,165,https://www.worldcat.org/title/to-follow-a-flag/oclc/865238837,https://www.goodreads.com/book/show/1966447.To_Follow_a_Flag,TRUE,4,7,"Yakama, Indians of North America, Northwest",1953,166372
My Uncle Louis,"Fontaine, Robert Louis",,,294,https://www.worldcat.org/title/my-uncle-louis/oclc/561322739,,TRUE,,,,1953,126933
The Naked Risk,"Demarest, Phyllis Gordon",,,383,https://www.worldcat.org/title/naked-risk/oclc/632433033,,TRUE,,,,1953,265962
In the Bright April Weather,"Mitchell, Susanna Valentine",,,172,https://www.worldcat.org/title/in-the-bright-april-weather/oclc/1739115,,TRUE,,,,1952,586208
Gateway to Fortune,"Bourne, Peter",,,348,https://www.worldcat.org/title/gateway-to-fortune/oclc/607590446,,TRUE,,,Panama,1952,142084
Monkey Shines,"Miers, Earl Schenck","(illustrator) Galdone, Paul",,207,https://www.worldcat.org/title/monkey-shines-a-baseball-story/oclc/1036742377,,TRUE,,,,1952,314473
Yet Other Waters,James Farrell,,,319,https://www.worldcat.org/title/yet-other-waters/oclc/63546836,https://www.goodreads.com/book/show/6891038-yet-other-waters,TRUE,3.5,2,,1952,165939
Splint Road,"Mellinger, May",,,277,https://www.worldcat.org/title/splint-road-a-novel/oclc/1376969,,TRUE,,,"rural poor, working class, southern states",1952,183174
The Citadel of the Lakes,"Orr, Myron David",,,,https://www.worldcat.org/title/citadel-of-the-lakes/oclc/964351962,https://www.goodreads.com/book/show/23704075-the-citadel-of-the-lakes,TRUE,3.4,5,,1952,101162
Boy at the Window,"Dodson, Owen",,,211,https://www.worldcat.org/title/boy-at-the-window-a-novel/oclc/507410547,https://www.goodreads.com/book/show/4190463-boy-at-the-window,TRUE,5,4,,1951,123911
Doctor in Buckskin,"Allen, T. D.",,,314,https://www.worldcat.org/title/doctor-in-buckskin/oclc/17361341,https://www.goodreads.com/book/show/3274011-doctor-in-buckskin,TRUE,4,5,,1951,702398
The Faith of Mrs. Kelleen,"Flannigan, Katherine Mary","(illustrator) Rasmusson, Daniel",,250,https://www.worldcat.org/title/faith-of-mrs-kelleen/oclc/224373663,https://www.goodreads.com/book/show/3291727-the-faith-of-mrs-kelleen,TRUE,4.8,5,,1951,126898
The Fortune Tellers,"Fleming, Berry",,,442,https://www.worldcat.org/title/fortune-tellers/oclc/5529403,https://www.goodreads.com/book/show/18165958-the-fortune-tellers,TRUE,2.5,2,,1951,126904
Give Me Your Golden Hand,"Eaton, Evelyn",,,,https://www.worldcat.org/title/give-me-your-golden-hand/oclc/937645374,https://www.goodreads.com/book/show/35004904-give-me-your-golden-hand,TRUE,0,0,,1951,125466
The Baseball Reader,"Graber, Ralph",,,302,https://www.worldcat.org/title/baseball-reader/oclc/1675666,,TRUE,,,,1951,259446
On the Trail of 1960,"Wiley, Ray H.",,,156,https://www.worldcat.org/title/on-the-trail-of-1960-a-utopian-novel/oclc/16810431,,TRUE,,,Utopias,1950,340191
Young Hearts,"Malets, D.","(translator) Richards, Solomon",,237,https://www.worldcat.org/title/young-hearts-a-novel-of-modern-israel/oclc/1080658558,,TRUE,,,,1950,165180
God Had Seven Days,"Misrock, Henry",,,279,https://www.worldcat.org/title/god-had-seven-days/oclc/1547699,,TRUE,,,"Christian life, Self-realization, Creation",1950,182695
The World at Six,"Fabricius, Johan",,,224,https://www.worldcat.org/title/world-at-six/oclc/1684350,,TRUE,,,,1950,597126
Laurel,"Fellows, Alice",,,309,https://www.worldcat.org/title/laurel-a-novel/oclc/31257799,,TRUE,,,,1950,182708
The Newel Post,"Fish, Rachel Ann",,,,https://www.worldcat.org/title/newel-post/oclc/752856538,,TRUE,,,,1950,182768
The Borzoi Turgenev,"Turgenec, Ivan Sergeevich","(translator) Stevens, Harry",,801,https://www.worldcat.org/title/borzoi-turgenev/oclc/1730598,,TRUE,,,"Russia, Manners and customs",1950,156753
This Was Alaska,"Parker, Mary M.",,,237,https://www.worldcat.org/title/this-was-alaska/oclc/18345179,https://www.goodreads.com/book/show/38591376-this-was-alaska,TRUE,0,0,"Alaska, Inside Passage",1950,66023
U.S. Stories,"Foley, Martha",,,683,https://www.worldcat.org/title/us-stories-regional-stories-from-the-forty-eight-states/oclc/1421860,https://www.goodreads.com/book/show/16060129-u-s-stories,TRUE,5,1,"Short stories, Manners and customs",1949,164771
Sons of Noah,"Farson, Negley",,,317,https://www.worldcat.org/title/sons-of-noah/oclc/485609898,,TRUE,,,,1949,126556
The Road Between,"Farrell, James",,,412,https://www.worldcat.org/title/road-between/oclc/30255540,,TRUE,,,"Authors, Married people, Marriage, Manners, New York",1949,151236
Light in the Sky,"Young, Agnes Brooks",,,341,https://www.worldcat.org/title/light-in-the-sky/oclc/226060069,,TRUE,,,"Iron industry and trade, Working class, Capitalists and financiers",1948,100531
Garden Shower,"Running, Corinne",,,186,https://www.worldcat.org/title/garden-shower/oclc/1806996,,TRUE,,,,1948,314503
Reunion at Meads,"Wallace, Kathleen",,,243,https://www.worldcat.org/title/reunion-at-meads-a-novel-of-time-and-many-women/oclc/3682162,,TRUE,,,,1948,163383
Fear is the Parent,"Ferro, Mathilde",,,273,https://www.worldcat.org/title/fear-is-the-parent-a-novel/oclc/1675053,,TRUE,,,,1948,420447
Mister St. John,"Faure, Raoul C.",,,279,https://www.worldcat.org/title/mister-st-john-a-novel/oclc/1675200,https://www.goodreads.com/book/show/32617226-mister-st-john,TRUE,0,0,,1947,151784
A Caravan of Music Stories by the World’s Great Authors,"Fabricant, Noah",,,312,https://www.worldcat.org/title/caravan-of-music-stories-by-the-worlds-great-authors/oclc/1213090,,TRUE,,,"Music, Short stories",1947,182363
Meeko,"Allen, Albert Cooper","(illustrator) Wilson, Helen Hughes",,232,https://www.worldcat.org/title/meeko/oclc/15595173,,TRUE,,,,1947,164206
Home is If You Find It,"Nye, Bud","(illustrator) Galdone, Paul",,251,https://www.worldcat.org/title/home-is-if-you-find-it/oclc/1331212,,TRUE,,,"Humurous stories, Minnesota, Saint Paul",1947,182227
Still to the West,"Jones, Nard",,,,https://www.worldcat.org/title/still-to-the-west/oclc/315060778,https://www.goodreads.com/book/show/7739839-still-to-the-west,TRUE,4,1,,1946,123740
A Frenchman Must Die,"Boyle, Kay",,,213,https://www.worldcat.org/title/frenchman-must-die/oclc/716597225,https://www.goodreads.com/book/show/12586866-a-frenchman-must-die,TRUE,3,3,,1946,129226
Anna Zenger,"Cooper, Kent",,,345,https://www.worldcat.org/title/anna-zenger-mother-of-freedom/oclc/906138330,,TRUE,,,,1946,139896
Family on the Hill,"Flack, Ambrose",,,247,https://www.worldcat.org/title/family-on-the-hill-a-novel/oclc/3461637,,TRUE,,,,1945,151789
From Out This House,"Greve, Alice Wheeler",,,299,https://www.worldcat.org/title/from-out-this-house/oclc/780206638,https://www.goodreads.com/book/show/22173294-from-out-this-house,TRUE,2,2,Oregon Territory,1945,152099
Cathedral in the Sun,"Fisher, Anne B.",,,408,https://www.worldcat.org/title/cathedral-in-the-sun/oclc/7393658,,TRUE,,,California,1945,162393
Dark Rainbow,"Butler, Gerald",,,211,https://www.worldcat.org/title/dark-rainbow/oclc/3094313,,TRUE,,,World War,1945,595076
Guns of the Oregon Trail,"Chiappe, Eli Albert",,,256,https://www.worldcat.org/title/guns-of-the-oregon-trail/oclc/7935747,,TRUE,,,,1945,249781
Johnny Painter,"Pettibone, Anita",,,314,https://www.worldcat.org/title/johnny-painter/oclc/1895630,,TRUE,,,Washington Territory,1944,155674
Full of Thy Riches,"Ferrell, Elizabeth | Ferrell, Margaret",,,315,https://www.worldcat.org/title/full-of-thy-riches/oclc/1678776,,TRUE,,,,1944,596981
Broken River,"Hawkins, John | Hawkins, Ward",,,134,https://www.worldcat.org/title/broken-river/oclc/54326819,,TRUE,,,,1944,163553
Devil on His Trail,"Hawkins, John | Hawkins, Ward",,,292,https://www.worldcat.org/title/devil-on-his-trail/oclc/220020353,,TRUE,,,,1944,153652
My Mother Bids Me Bind My Hair,"Sale, Elizabeth",,,244,https://www.worldcat.org/title/my-mother-bids-me-bind-my-hair/oclc/643894263,,TRUE,,,Families,1944,163640
White Victory,"Case, Robert Ormund",,,176,https://www.worldcat.org/title/white-victory/oclc/30183538,,TRUE,,,,1943,420042
Yesterday’s Children,"Warrick, LaMar",,,,https://www.worldcat.org/title/yesterdays-children/oclc/1098342116,https://www.goodreads.com/book/show/9103935-yesterday-s-children,TRUE,0,0,,1943,163397
Starbuck Valley Winter,"Haig-Brown, Roderick","(illustrator) De Feo, Charles",,272,https://www.worldcat.org/title/starbuck-valley-winter/oclc/48579637,https://www.goodreads.com/book/show/2192128.Starbuck_Valley_Winter,TRUE,3.67,6,"Trappers, Friendship, Self-reliance, Vancouver Island, Bildungsromans, Adventure stories ",1943,181907
The Legend Whispered,"MacArthur, Dougall",,,308,https://www.worldcat.org/title/legend-whispered/oclc/5332512,,TRUE,,,"Apple growers, Washington",1943,163542
Rice in the Wind,"Wallace, Kathleen",,,294,https://www.worldcat.org/title/rice-in-the-wind/oclc/1634886,,TRUE,,,,1943,162851
"Sophie Halenczik, American","Feld, Rose C.","(illustrator) Alajalov, Constantin",,176,https://www.worldcat.org/title/sophie-halenczik-american/oclc/613157864,https://www.goodreads.com/book/show/20619436-sophie-halenczik-american,TRUE,2.5,2,"World War, Women in war, War work",1943,151786
Recitation from Memory,"Sale, Elizabeth",,,298,https://www.worldcat.org/title/recitation-from-memory/oclc/681313900,,TRUE,,,,1943,181909
War Tide,"Lin, Tai-yi",,,287,https://www.worldcat.org/title/war-tide/oclc/11393219,,TRUE,,,Sino-Japanese War,1943,181922
The Voyage of Captain Bart,"Erskine, John",,,307,https://www.worldcat.org/title/voyage-of-captain-bart/oclc/917960385,,TRUE,,,,1943,260367
For All Men Born,"Mackay, Margaret M.",,,292,https://www.worldcat.org/title/for-all-men-born-a-novel/oclc/612920076,,TRUE,,,,1943,162842
Come Gentle Spring,"Bolster, Evelyn",,,378,https://www.worldcat.org/title/come-gentle-spring/oclc/2087596,,TRUE,,,,1942,181841
Dacey Hamilton,"Van Doren, Dorothy",,,,https://www.worldcat.org/title/dacey-hamilton-a-novel/oclc/314900442,,TRUE,,,,1942,154932
Novelty on Earth,"Duley, Margaret",,,300,https://www.worldcat.org/title/novelty-on-earth/oclc/612854814,,TRUE,,,,1942,259351
Scandal Rag,"Harrington, Joseph",,,240,https://www.worldcat.org/title/scandal-rag/oclc/5664776,,TRUE,,,"Tabloid newspapers, Newspapers, Political corruption",1942,598158
Young Ames,"Edmonds, Walter D.",,,318,https://www.worldcat.org/title/young-ames/oclc/12323081,https://www.goodreads.com/book/show/6068136-young-ames,TRUE,3.67,3,,1942,125542
Come Back to Wayne County,"Falstaff, Jack",,,244,https://www.worldcat.org/title/come-back-to-wayne-county/oclc/557926625,https://www.goodreads.com/book/show/18158168-come-back-to-wayne-county,TRUE,1,1,"Wayne County, Ohio",1942,162951
Enduring Riches,"Flint, Margaret",,,281,https://www.worldcat.org/title/enduring-riches/oclc/6655041,,TRUE,,,"Country life, Families, Husband and wife, Maine",1942,615144
"Light Down, Stranger","Pettibone, Anita",,,,https://www.worldcat.org/title/light-down-stranger/oclc/937617762,,TRUE,,,,1942,156515
Faith the Root,"Fleury, Barbara Frances",,,166,https://www.worldcat.org/title/faith-the-root/oclc/220125686,,TRUE,,,,1942,151791
Restless are the Sails,"Eaton, Evelyn",,,348,https://www.worldcat.org/title/restless-are-the-sails/oclc/53037014,https://www.goodreads.com/book/show/7792710-restless-are-the-sails,TRUE,4,5,"Louisbourg, Nova Scotia",1941,125471
Mrs. Doratt,"Erskine, John",,,227,https://www.worldcat.org/title/mrs-doratt-a-novel/oclc/906816,,TRUE,,,,1941,162694
The Big Snow,"Falstaff, Jack",,,145,https://www.worldcat.org/title/big-snow-christmas-at-jacobys-corners/oclc/499074,,TRUE,,,"Wayne County, Ohio",1941,126757
Waters of the Wilderness,"Seifert, Shirley",,,,https://www.worldcat.org/title/waters-of-the-wilderness/oclc/948743262,https://www.goodreads.com/book/show/3297462-waters-of-the-wilderness,TRUE,0,0,,1941,162507
Back o’ the Mountain,"Flint, Margaret",,,269,https://www.worldcat.org/title/back-o-the-mountain/oclc/952071474,,TRUE,,,,1940,181779
Pro Quarterback,"Haines, Donal Hamilton",,,266,https://www.worldcat.org/title/pro-quarterback/oclc/5878363,,TRUE,,,"Quarterbacks, Football players",1940,598124
Jacoby’s Corners,"Falstaff, Jack",,,242,https://www.worldcat.org/title/jacobys-corners/oclc/698033,,TRUE,,,"Wayne County, Ohio",1940,126758
A Castle in Carinthia,"Fabricius, Johan","(translator) Renier, G.J. | (translator) Hallett, David",,,https://www.worldcat.org/title/castle-in-carinthia/oclc/937942337,,TRUE,,,,1940,598084
Morning Shows the Day,"Bolster, Evelyn",,,301,https://www.worldcat.org/title/morning-shows-the-day/oclc/760064919,,TRUE,,,,1940,233820
Sparks from Home Fires,"Monroe, Anne Shannon",,,267,https://www.worldcat.org/title/sparks-from-home-fires/oclc/1488271,,TRUE,,,"Country life, Oregon",1940,154692
From What Dark Roots...,"Findley, Francine",,,292,https://www.worldcat.org/title/from-what-dark-roots/oclc/560560498,,TRUE,,,,1940,596967
No Hour of History,"Ford, Elisabeth",,,330,https://www.worldcat.org/title/no-hour-of-history-a-novel/oclc/615151314,,TRUE,,,,1940,151796
Among the Sourdoughs,"Simonsen, Sigurd Jay",,,153,https://www.worldcat.org/title/among-the-sourdoughs-a-novel/oclc/774505460,,TRUE,,,,1940,128059
A Matter of Business,"Farnol, Jeffery",,,320,https://www.worldcat.org/title/matter-of-business/oclc/651964064,https://www.goodreads.com/book/show/40018276-a-matter-of-business-and-other-stories,TRUE,,,"romance, historical",1940,162572
Treasure Below,"Ellsberg, Edward",,,305,https://www.worldcat.org/title/treasure-below/oclc/547420348,,TRUE,,,"deep diving, treasure troves",1940,181760
Wide Road Ahead,"Fisher, Anne B.",,,276,https://www.worldcat.org/title/wide-road-ahead-the-story-of-a-woman-bacteriologist/oclc/1415319,,TRUE,,,women bacteriologists,1939,597125
The Days are Fled,"Marks, Percy",,TRUE,,,,TRUE,,,,1939,162275
Yesterday’s Dreams,"Feiner, Ruth",,,,https://www.worldcat.org/title/yesterdays-dreams/oclc/937429223,,TRUE,,,,1939,151785
Dr. Bradley Remembers,"Young, Francis Brett",,,359,https://www.worldcat.org/title/dr-bradley-remembers/oclc/990290829,https://www.goodreads.com/book/show/6703210-dr-bradley-remembers,TRUE,3.75,4,,1938,147408
To Remember at Midnight,"Foster, Michael",,,281,https://www.worldcat.org/title/to-remember-at-midnight/oclc/916544207,,TRUE,,,,1938,151797
Little Saints Annoy the Lord,"Hutchinson, Arthur Howard",,,227,https://www.worldcat.org/title/little-saints-annoy-the-lord/oclc/11476365,,TRUE,,,,1938,155487
Spirit of the Wild Rosebush,"Laughon, Albert J.",,,362,https://www.worldcat.org/title/spirit-of-the-wild-rosebush-a-novel-of-the-pioneer-period-of-the-inland-empire/oclc/760717749,,TRUE,,,Frontier and pioneer life,1938,764923
A Great Lord,"Frischauer, Paul","(translator) Blewitt, Phyllis | (translator) Blewitt, Trevor",,348,https://www.worldcat.org/title/great-lord/oclc/4561976,,TRUE,,,,1937,294787
Down the Dark Street,"Fenton, Jessie",,,,https://www.worldcat.org/title/down-the-dark-street/oclc/314522461,https://www.goodreads.com/book/show/18857221-down-the-dark-street,TRUE,3,1,,1937,596980
Towers with Ivy,"Moody, Minnie Hite",,,314,https://www.worldcat.org/title/towers-with-ivy/oclc/32111397,,TRUE,,,,1937,596062
The Wooden Pillow,"Fallas, Carl",,,244,https://www.worldcat.org/title/wooden-pillow/oclc/459470539,,TRUE,,,,1936,151780
Fires Underground,"Liepman, Heinz","(translator) Clark, R.T.",,300,https://www.worldcat.org/title/fires-underground-a-narrative-of-the-secret-struggle-carried-on-by-the-illegal-organizations-in-germany-under-penalty-of-death/oclc/255675582,,TRUE,,,Germany,1936,743537
Rico,"de Fierro Blanco, Antonio",Antonio,,,https://www.worldcat.org/title/rico-bandit-and-dictator-a-novel/oclc/314534966,,TRUE,,,,1934,213892
Mostly Canallers,"Edmonds, Walter D.",,,467,https://www.worldcat.org/title/mostly-canallers-collected-stories/oclc/15588970,https://www.goodreads.com/book/show/2615553-mostly-canallers,TRUE,3.8,5,"Erie Canal, Canals, Manners and customs, New York",1934,125539
Blue Gold,"Getty, Agnes K.",,,358,https://www.worldcat.org/title/blue-gold-a-romance-of-the-rockies/oclc/17430716,,TRUE,,,"Rocky Mountains, Mountain life",1934,199991
The New House,"Kendall, Nancy Noon",,,388,https://www.worldcat.org/title/new-house/oclc/613091988,,TRUE,,,,1934,154173
Papa La Fleur,"Gale, Zona",,,154,https://www.worldcat.org/title/papa-la-fleur/oclc/16516926,,TRUE,,,,1933,420245
Mutiny on the Long Trail,"Rea, Ella M.",,,98,https://www.worldcat.org/title/mutiny-on-the-long-trail/oclc/5933222,,TRUE,,,"Frontier and pioneer life, families, wagon trains",1933,206989
Drei Soldaten,"Dos Passos, John",,TRUE,,,,TRUE,,,,1932,133078
A Romance of Old Fort Hall,"Teicher, Minerva Kohlhepp",,,165,https://www.worldcat.org/title/romance-of-old-fort-hall/oclc/5139238,https://www.goodreads.com/book/show/25028764-a-romance-of-old-fort-hall,TRUE,0,0,"Fort Hall, Idaho, Frontier and pioneer life, Indians of North America",1932,161229
The Loop,Thirteen Oregon Authors,,,259,https://www.worldcat.org/title/loop-a-tale-of-the-oregon-country/oclc/1870689,,TRUE,,,"Oregon, Short stories",1931,161199
The Return of the Hero,"Figgis, Darrell",,,221,https://www.worldcat.org/title/return-of-the-hero/oclc/804911926,,TRUE,,,,1930,615553
This Side of Jordan,"Bradford, Roark",,,225,https://www.worldcat.org/title/this-side-of-jordan/oclc/918194344,,TRUE,,,,1929,583932
The Seven Vices,"Ferrero, Guglielmo","(translator) Livingston, Arthur | (translator) Abbott, Elisabeth",,,https://www.worldcat.org/title/seven-vices-a-novel-of-italy-in-our-own-times/oclc/570911139,,TRUE,,,Italy,1929,615538
The Maurizius Case,"Wassermann, Jakob","(translator) Newton, Caroline",,546,https://www.worldcat.org/title/maurizius-case/oclc/13206011,https://www.goodreads.com/book/show/1888269.The_Maurizius_Case,TRUE,4.02,109,,1929,163403
Pelts and Powder,"McKelvie, B.A.",,,238,https://www.worldcat.org/title/pelts-and-powder-a-study-of-the-west-coast-in-the-making/oclc/71370355,,TRUE,,,"Canada, Discoveries and exploration, Discoveries in geography",1929,747330
General Crack,George Preedy,,,,,https://www.goodreads.com/book/show/8736270-general-crack,TRUE,4,1,,1928,418450
As a Woman Sows,"Hales, A. G.",,,288,https://www.worldcat.org/title/as-a-woman-sows/oclc/13392011,,TRUE,,,,1928,206667
The Grandson,"Dixelius, Hildur","(translator) Settergren, A.C.",,273,https://www.worldcat.org/title/grandson-a-sequel-to-the-son/oclc/4651546,,TRUE,,,,1928,595084
Chuck Ryan,"Pierce, Frank Richardson",,,,https://www.worldcat.org/title/chuck-ryan-logger/oclc/12374448,,TRUE,,,,1928,212963
That Island,"Marshall, Archibald",,,346,https://www.worldcat.org/title/that-island/oclc/492764176,,TRUE,,,,1927,600447
East Side West Side,"Riesenberg, Felix",,,376,https://www.worldcat.org/title/east-side-west-side/oclc/32785380,https://www.goodreads.com/book/show/8666321-east-side-west-side,TRUE,2,1,,1927,211038
Worlds’ Ends,"Wassermann, Jakob","(translator) Galantière, Lewis",,278,https://www.worldcat.org/title/worlds-ends/oclc/3691855,,TRUE,,,,1927,322252
Chechahco and Sourdough,"Bone, Scott C.",,,281,https://www.worldcat.org/title/chechahco-and-sourdough-a-story-of-alaska/oclc/960053555,,TRUE,,,,1926,65321
Preface to Life,"Gale, Zona",,,,https://www.worldcat.org/title/preface-to-a-life/oclc/185470871,,TRUE,,,,1926,160852
The Castle of San Salvo,"Clarke, Isabel C.",,,416,https://www.worldcat.org/title/castle-of-san-salvo-a-novel/oclc/3929349,,TRUE,,,,1926,251145
Friends of Mr. Sweeney,"Davis, Elmer Holmes",,,282,https://www.worldcat.org/title/friends-of-mr-sweeney/oclc/367070365,https://www.goodreads.com/book/show/22744882-friends-of-mr-sweeney,TRUE,0,0,,1925,211650
Soundings,"Gibbs, A. Hamilton",,,320,https://www.worldcat.org/title/soundings-a-novel/oclc/2006454,https://www.goodreads.com/book/show/6435946-soundings,TRUE,3.5,6,,1925,152073
The Abbé Constantin,"Halévy, Ludovic",,TRUE,,,,TRUE,,,,1923,595066
The Penitent,"Underwood, Edna Worthley",,,367,https://www.worldcat.org/title/penitent/oclc/681600931,https://www.goodreads.com/book/show/44256418-the-penitent,TRUE,0,0,,1922,316171
Life,"Bojer, Johan","(translator) Muir, Jessie",,,https://www.worldcat.org/title/life/oclc/944425373,https://www.goodreads.com/book/show/44737882-life,TRUE,0,0,,1920,291955
The Statue in the Wood,"Pryce, Richard",,,,https://www.worldcat.org/title/statue-in-the-wood/oclc/940835356,https://www.goodreads.com/book/show/6779422-the-statue-in-the-wood,TRUE,0,0,,1918,206979
The Inn of Disenchantment,"Ysaye, Lisa",,,156,https://www.worldcat.org/title/inn-of-disenchantment/oclc/42428251,,TRUE,,,,1917,221090
The Willow Weaver,"Wood, Michael",,,143,https://www.worldcat.org/title/willow-weaver-and-seven-other-tales/oclc/20645047,https://www.goodreads.com/book/show/12656604-the-willow-weaver-and-seven-other-tales,TRUE,0,0,,1916,592443
Petey Simmons at Siwash,"Fitch, George","(illustrator) Widney, G.C.",,,https://www.worldcat.org/title/petey-simmons-at-siwash/oclc/1083987242,https://www.goodreads.com/book/show/17738000-petey-simmons-at-siwash,TRUE,4,1,,1916,615551
Content with Flies,"Findlater, Mary",,,,https://www.worldcat.org/title/content-with-flies/oclc/946018284,https://www.goodreads.com/book/show/14398223-content-with-flies,TRUE,0,0,,1916,596965
Club Stories,Washington State Federation of Women's Clubs,,TRUE,,,,TRUE,,,,1915,332612
The Rim of the Desert,"Anderson, Ada Woodruff",,,,https://www.worldcat.org/title/rim-of-the-desert/oclc/990958050,https://www.goodreads.com/book/show/7608871-the-rim-of-the-desert,TRUE,0,0,,1915,160471
Fingers That See,"Buskett, Nancy",,,138,https://www.worldcat.org/title/fingers-that-see/oclc/6783315,https://www.goodreads.com/book/show/34361643-fingers-that-see,TRUE,0,0,,1914,244822
The White Stone,"France, Anatole",,,120,https://www.worldcat.org/title/white-stone/oclc/958517150,https://www.goodreads.com/book/show/3119719-the-white-stone,TRUE,2.87,15,,1914,3147634
Crossriggs,"Findlater, Mary",,,380,https://www.worldcat.org/title/crossriggs/oclc/623300003,https://www.goodreads.com/book/show/6386593-crossriggs,TRUE,4.07,29,,1913,596966
"Paul Carah, Cornishman","Lee, Charles","(illustrator) Browne, Gordon",,,https://www.worldcat.org/title/paul-carah-cornishman/oclc/1007066534,https://www.goodreads.com/book/show/37463834-paul-carah-cornishman,TRUE,0,0,,1912,219033
The Dangerous Age,"Michaëlis, Karin","(translator) Michaëlis, Karin",,,https://www.worldcat.org/title/dangerous-age-letters-fragments-from-a-womans-diary/oclc/1083902519,https://www.goodreads.com/book/show/542731.The_Dangerous_Age,TRUE,3.35,48,,1911,431178
The Superintendent,"Grissom, Irene Welch",,,228,https://www.worldcat.org/title/superintendent/oclc/228686556,https://www.goodreads.com/book/show/18335598-the-superintendent,TRUE,2,1,,1910,260421
"John Marvel, Assistant","Page, Thomas Nelson",,,,https://www.worldcat.org/title/john-marvel-assistant/oclc/1084239043,https://www.goodreads.com/book/show/32161001-john-marvel-assistant-vol-2,TRUE,0,0,,1909,208868
The Strain of White,"Anderson, Ada Woodruff",,,,https://www.worldcat.org/title/strain-of-white/oclc/1084233566,https://www.goodreads.com/book/show/25820681-the-strain-of-white,TRUE,3,1,,1909,160578
"A Half-Breed Dance, And Other Far Western Stories","Kemp, Randall Harold",,,,https://www.worldcat.org/title/half-breed-dance-and-other-far-western-stories-mining-camp-indian-and-hudsons-bay-tales/oclc/940465669,https://www.goodreads.com/book/show/31757546-a-half-breed-dance-and-other-far-western-stories,TRUE,0,0,,1909,747411
The Romance of a Poor Young Man,"Feuillet, Octave",,,54,https://www.worldcat.org/title/honor-before-wealth-or-the-romance-of-a-poor-young-man-a-drama-in-four-acts/oclc/1013368702,https://www.goodreads.com/book/show/1428493.The_Romance_of_a_Poor_Young_Man,TRUE,3.93,43,,1908,262509
Flowers o’ the Orange,"Castle, Agnes | Castle, Egerton",,,,https://www.worldcat.org/title/flower-o-the-orange-and-other-stories/oclc/1083980035,https://www.goodreads.com/book/show/30597110-flower-o-the-orange,TRUE,0,0,,1908,244370
Lonely Lady of Grosvenor Square,"De La Pasture, Henry",,,,https://www.worldcat.org/title/lonely-lady-of-grosvenor-square/oclc/940470079,https://www.goodreads.com/book/show/11738566-the-lonely-lady-of-grosvenor-square,TRUE,4.5,2,,1907,211580
The Clammer,"Hopkins, William John",,,,https://www.worldcat.org/title/clammer/oclc/935133607,https://www.goodreads.com/book/show/26303156-the-clammer,TRUE,5,1,,1906,208479
The Passing of a Race and More Tales of Western Life,"Higgins, David William",,,,https://www.worldcat.org/title/passing-of-a-race-and-more-tales-of-western-life/oclc/926731042,https://www.goodreads.com/book/show/11004484-the-passing-of-a-race,TRUE,0,0,,1905,286229
The Rivals,"Coppée, François ",,,99,https://www.worldcat.org/title/rivals/oclc/669184649,,TRUE,,,,1905,261505
Slaves of Success,"Flower, Elliott","(illustrator) Hambridge, Jay",,,https://www.worldcat.org/title/slaves-of-success/oclc/940841482,https://www.goodreads.com/book/show/32534471-slaves-of-success,TRUE,0,0,,1905,268083
An Evans of Suffolk,"Farquhar, Anna",,,408,https://www.worldcat.org/title/evans-of-suffolk/oclc/951278158,,TRUE,,,,1904,212002
Burlesques,"Thackeray, William Makepeace",,,282,https://www.worldcat.org/title/burlesques/oclc/224682019,https://www.goodreads.com/book/show/1264334.Burlesques,TRUE,3,17,,1904,716308
Trent’s Trust,"Harte, Bret",,,264,https://www.worldcat.org/title/trents-trust-the-crusade-of-the-excelsior/oclc/610403378,https://www.goodreads.com/book/show/26994581-trent-s-trust,TRUE,3,1,,1903,18040
The Romance of an Old Fool,"Field, Roswell Martin",,,,https://www.worldcat.org/title/romance-of-an-old-fool/oclc/920917702,https://www.goodreads.com/book/show/7466969-the-romance-of-an-old-fool,TRUE,3.29,7,,1902,212446
A Dornfield Summer,"Haley, Mary Murkland","(illustrator) Richards, Hariet Roosevelt",,302,https://www.worldcat.org/title/dornfield-summer/oclc/20214295,,TRUE,,,,1902,286409
Fomá Grodyéeff,"Gorky, Maksim","(translator) Hapgood, Isabel F.",TRUE,,,,TRUE,,,,1901,341288
From Sand Hill to Pine | A Tourist from Injianny,"Harte, Bret",,,,https://www.worldcat.org/title/from-sand-hill-to-pine-and-a-tourist-from-injianny/oclc/926907024,https://www.goodreads.com/book/show/28954664-from-sand-hill-to-pine-tourist-from-injianny,TRUE,4.33,3,,1900,18029
Gambara,"Balzac, Honoré de","(translator) Walls, Thos. H. | (translator) Massimila Doni",,49,https://www.worldcat.org/title/gambara/oclc/170925854,https://www.goodreads.com/book/show/1429645.Gambara,TRUE,3.27,105,,1899,223757
The Accursed Child,"Balzac, Honoré de","(translator) Ives, G. Burnham",TRUE,,,,TRUE,3.5,2,,,xxx
Their Silver Wedding Journey,"Howells, William Dean",,,,https://www.worldcat.org/title/their-silver-wedding-journey/oclc/181792387,https://www.goodreads.com/book/show/11335158-their-silver-wedding-journey,TRUE,4.29,7,,1899,200763
Madame Thérèse,"Erckmann, Emile | Chatrain, Alexandre",,,,https://www.worldcat.org/title/madame-therese-or-the-volunteers-of-92/oclc/983869548,https://www.goodreads.com/book/show/8944902-madame-th-r-se#,TRUE,2.5,2,,1898,431417
Rex Wayland’s Fortune,"Stanley, H. A.",,,391,https://www.worldcat.org/title/rex-waylands-fortune/oclc/43441486,,TRUE,,,,1898,3002586
The Story of an Untold Love,"Ford, Paul Leicester",,,,https://www.worldcat.org/title/story-of-an-untold-love/oclc/1007044860,https://www.goodreads.com/book/show/19053788-the-story-of-an-untold-love,TRUE,3.67,12,,1897,216011
Thankful Blossom,"Harte, Bret",,,,https://www.worldcat.org/title/thankful-blossom/oclc/1084368712,https://www.goodreads.com/book/show/9835368-thankful-blossom,TRUE,4.5,2,,1896,139652
The Holy Cross,"Field, Eugene",,,112,https://www.worldcat.org/title/in-a-hollow-of-the-hills/oclc/52218670,https://www.goodreads.com/book/show/11570136-the-holy-cross-and-other-tales,TRUE,2,5,,1896,594202
In a Hollow of the Hills,"Harte, Bret",,,,https://www.worldcat.org/title/in-a-hollow-of-the-hills/oclc/1078556323,https://www.goodreads.com/book/show/1685477.In_a_Hollow_of_the_Hills,TRUE,3.5,16,,1895,437482
The Honorable Peter Stirling and What People Thought of Him,"Ford, Paul Leicester",,,619,https://www.worldcat.org/title/honorable-peter-stirling-and-what-people-thought-of-him/oclc/953660555,https://www.goodreads.com/book/show/19490871-the-honorable-peter-stirling-and-what-people-thought-of-him,TRUE,4.17,12,,1894,126947
His Vanished Star,"Craddock, Charles Egbert",,,,https://www.worldcat.org/title/his-vanished-star/oclc/940489723,https://www.goodreads.com/book/show/44816174-his-vanished-star,TRUE,0,0,,1894,215086
The House,"Field, Eugene",,,,https://www.worldcat.org/title/house/oclc/980283144,https://www.goodreads.com/book/show/2624343-the-house,TRUE,3.75,4,,1893,420088
Colonel Starbottle’s Client,"Harte, Bret",,,,https://www.worldcat.org/title/colonel-starbottles-client-and-some-other-people/oclc/1083967677,https://www.goodreads.com/book/show/1402664.Colonel_Starbottle_s_Client,TRUE,3.7,10,,1892,279379
Ten Tales,"Coppée, François ",,,,https://www.worldcat.org/title/ten-tales/oclc/920917499,https://www.goodreads.com/book/show/3286672-ten-tales,TRUE,3.67,9,,1890,261498
A Ward of the Golden Gate,"Harte, Bret",,,259,https://www.worldcat.org/title/ward-of-the-golden-gate-the-heritage-of-dedlow-marsh-and-other-tales/oclc/1819478,https://www.goodreads.com/book/show/14327948-a-ward-of-the-golden-gate,TRUE,4,4,,1890,18041
The Reverberator,"James, Henry",,,,https://www.worldcat.org/title/reverberator-dodo-press/oclc/154804210,https://www.goodreads.com/book/show/1403563.The_Reverberator,TRUE,3.37,145,,1888,287374
"A Phyllis of the Sierras, and A Drift from Redwood Camp","Harte, Bret",,,,https://www.worldcat.org/title/phyllis-of-the-sierras-and-a-drift-from-redwood-camp/oclc/1101663477,https://www.goodreads.com/book/show/31894885-a-millionaire-of-rough-and-ready,TRUE,0,0,,1887,284291
Monsieur de Camors,"Feuillet, Octave",,,,https://www.worldcat.org/title/monsieur-de-camors/oclc/59770022,https://www.goodreads.com/book/show/9469454-monsieur-de-camors,TRUE,4.33,3,,1884,715564
"Asmodeus, or The Devil Upon Two Sticks","Le Sage, Alain René",,TRUE,,,,TRUE,,,,1707,317673
The Best Continental Short Stories of 1926,,,TRUE,,,,TRUE,,,,,514236